{
    "version": "11",
    "config": {
        "position": [-263,-111],
        "keys": [
            {
                "code": "`",
                "pos": [0,0]
            },
            {
                "code": "1",
                "pos": [1,0]
            },
            {
                "code": "2",
                "pos": [2,0]
            },
            {
                "code": "E",
                "pos": [3,0]
            },
            {
                "code": "P",
                "pos": [4,0]
            },
            {
                "code": "=",
                "pos": [5,0]
            },
            {
                "code": "backspace",
                "pos": [6,0]
            },
            {
                "code": "\\",
                "pos": [7,0]
            },
            {
                "code": "ctrl",
                "pos": [0,-1]
            },
            {
                "code": "shift",
                "pos": [1,-1]
            },
            {
                "code": ".",
                "pos": [2,-1]
            },
            {
                "code": ",",
                "pos": [3,-1]
            },
            {
                "code": "H",
                "pos": [4,-1]
            }
        ]
    }
}